{"cameraMode":{"drawMode":0,"name":"Shaded","section":"Shading Mode"},"sceneLighting":false,"audioPlay":false,"sceneViewState":{"showFog":true,"showMaterialUpdate":false,"showSkybox":true,"showFlares":true,"showImageEffects":true,"showParticleSystems":true},"in2DMode":false,"pivot":{"x":5.390799522399902,"y":-0.5937895178794861,"z":-1.9017302989959717},"rotation":{"x":0.0013828420778736473,"y":0.9986172318458557,"z":0.037156131118535998,"w":-0.037165068089962009},"size":11.027402877807618,"orthographic":false}